No,Dominio de la competencia,Palabras clave en común,Palabras clave diferentes,Tráfico estimado,Backlinks
1,"tiendanimal.es",18457,71384,1530135.5,411106
2,"kiwoko.com",15154,43496,786799.5,188665
3,"zooplus.es",13214,39286,2032128.5,1154906
4,"milanuncios.com",12526,1774462,22843580.5,5723487
5,"expertoanimal.com",11092,110352,8164044,25664
6,"aliexpress.com",10632,1461321,30985548,3994428852
7,"mascoteros.com",10568,19733,109543.5,29124
8,"perrostienda.es",10341,24246,106804.5,46882
9,"zoomalia.es",10314,13403,95126.5,201338
10,"maskokotas.com",9675,5164,104468.5,1677
11,"elcorteingles.es",9665,1339765,27765497,13513792
12,"animalear.com",8728,4300,41659.5,9884
13,"gatostienda.es",8606,23755,131393,2371
14,"mundodeportivo.com",8307,1165268,51928903,12393486
15,"piensoymascotas.com",5383,2970,62308,786740
