No,Titulo,URL,Dominio,Visitas,Enlaces,Compartidas,DA
1,"Kiwoko Mundo Animal | Tienda de animales online","http://www.kiwoko.com/","kiwoko.com","729","18.618","10.491","54"
2,"zooplus - Tu tienda para mascotas online líder en Europa y ...","http://www.zooplus.es/","zooplus.es","388","297.657","11.898","52"
3,"Miscota: Tu tienda online de mascotas y animales","http://www.miscota.es/","miscota.es","233","50.959","10.472","43"
4,"Tiendanimal: Tienda Online de productos y comida para ...","http://www.tiendanimal.es/","tiendanimal.es","158","123.076","35.813","64"
5,"- Comprar perros y cachorros. Consulta precio online. Venta ...","http://www.comprarcachorros.es/","comprarcachorros.es","112","2.795","6","17"
6,"Lucas & Lola - Tu tienda de accesorios y ropa para mascotas","http://lucasylola.es/","lucasylola.es","81","176","546","26"
7,"Tienda para mascotas on line accesorios y alimentación ...","http://www.zoomalia.es/","zoomalia.es","61","200.423","23","30"
8,"Maskokotas: Tienda para Mascotas y Animales, Comida y ...","http://www.maskokotas.com/","maskokotas.com","47","267","1.010","35"
9,"Tienda online para animales y mascotas. Piensos para perros ...","http://www.mascotaplanet.com/es/","mascotaplanet.com","35","5.899","0","44"
10,"Mimale.com: Tienda online low cost para mascotas","http://mimale.com/","mimale.com","27","18.000","0","16"
11,"MisMascotas: Tienda Online de Productos para Mascotas Nº1 ...","http://www.mismascotas.es/","mismascotas.es","5","558","6.604","31"
12,"bitiba - Todo para perros y gatos ¡a precios de ganga!","http://www.bitiba.es/","bitiba.es","3","86.582","664","32"
13,"La Comunidad de Madrid condiciona por ley la venta de ...","http://www.lavozdegalicia.es/noticia/sociedad/2016/07/14/comunidad-madridcondiciona-ley-venta-perros-gatos-tiendas/00031468515285091261914.htm","lavozdegalicia.es","2","1","0","90"
14,"Nuestro Perro: Tienda para Perros - Accesorios, Pienso y ...","http://www.nuestroperro.es/","nuestroperro.es","2","6.385","4.773","32"
15,"Mejores tiendas de animales online – Las TOP 7 de España","http://www.esdemarketing.com/mejores-tiendas-animales-online/","esdemarketing.com","1","3","0","35"
16,"CrazyPet - Tienda de Animales y Mascotas","http://crazypet.es/","crazypet.es","1","60","4.245","8"
17,"Más de 20 tiendas para ir de compras con tu perro - Frankie ...","http://frankietheking.com/tiendas-con-perros/","frankietheking.com","1","0","0","27"
18,"Koala Mascotas ¡Tu tienda de mascotas de Canarias!","http://www.koalamascotas.com/","koalamascotas.com","0","32","312","12"
19,"Petclic: Tienda online de piensos para perro y gato en oferta ...","http://www.petclic.es/","petclic.es","0","35.264","1.979","36"
20,"Mascoboutique: Tienda ropa para Perros y Accesorios Madrid","http://www.mascoboutique.com/","mascoboutique.com","0","37","1.204","21"
21,"Tienda de mascotas - El Corte Inglés","http://www.elcorteingles.es/mascotas/","elcorteingles.es","0","63","1.141","92"
22,"Inicio - Barcelona tienda mascotas Barcelona venta perros gatos","http://www.aquanatura.es/","aquanatura.es","0","861","175","25"
23,"Las mejores tiendas para perros en Barcelona (Guía 2021)","http://mejoresbarcelona.com/tiendas-comprar/perros/","mejoresbarcelona.com","0","0","0","13"
24,"Tienda para perros online - Madagascar Mascotas","http://madagascarmascotas.com/perros/","madagascarmascotas.com","0","2","0","24"
25,"tienda campaña para perros - Amazon.es","http://www.amazon.es/tienda-campa%C3%B1a-perros/s?k=tienda campaña para perros","amazon.es","0","0","0","94"
26,"Cachorros en Madrid con Tienda Cachorro","http://www.tiendacachorro.es/","tiendacachorro.es","0","237","0","15"
27,"Accesorios para Mascotas - Tiendas MGI","http://www.tiendasmgi.es/mascotas/","tiendasmgi.es","0","1","0","31"
28,"YORKY'S: Tienda de Mascotas | Expertos en perros pequeños","http://www.yorkys.com/es","yorkys.com","0","0","0","20"
29,"Franquicia Tiendas mascotas con Peluquería Canina y ...","http://bymascota.com/","bymascota.com","0","1.251","0","22"
30,"TerranovaCNC: Tienda para animales y mascotas","http://www.terranovacnc.com/","terranovacnc.com","0","3.848","2.009","34"
31,"Mascotas 1000 - La Tienda Online de los Amantes de las ...","http://www.mascotas1000.com/","mascotas1000.com","0","190","546","25"
32,"Bichos Tienda de Mascotas","http://www.bichostiendademascotas.es/","bichostiendademascotas.es","0","28","0","9"
33,"¿Pueden los perros entrar a las tiendas? - Okdiario","http://okdiario.com/mascotas/pueden-perros-entrar-tiendas-5686102","okdiario.com","0","0","0","90"
34,"PETuluku - La gran tienda de los animales","http://petuluku.es/","petuluku.es","0","451","0","22"
35,"Barakaldo Tienda Veterinaria: 【 Tienda Online de Animales y ...","http://www.barakaldotiendaveterinaria.es/","barakaldotiendaveterinaria.es","0","2.489","107","32"
36,"Varapalo a las tiendas de mascotas: Belarra diseña una ley ...","http://www.cope.es/actualidad/espana/noticias/varapalo-las-tiendas-mascotas-belarra-disena-una-ley-para-prohibir-venta-animales-salvo-peces-20211115_1617885","cope.es","0","0","0","82"
37,"Tumascota.es - 948 151 069 - Tienda online para mascotas","http://www.tumascota.es/","tumascota.es","0","130","154","17"
38,"Tienda Online Perros | Todo para su Bienestar | deAnimal","http://deanimal.es/4-tienda-online-perros","deanimal.es","0","1","0","21"
39,"Mascotasavila.com | Tienda online de productos para ...","http://www.mascotasavila.com/","mascotasavila.com","0","126","609","24"
40,"Animalear: La tienda de los animales con las mejores marcas","http://animalear.com/","animalear.com","0","5.360","5.690","42"
41,"Interzoo | Tu Tienda de Mascotas - Líder en Franquicias de ...","http://www.interzoo.es/","interzoo.es","0","701","4.129","32"
42,"Ropa de perro. Tienda online de accesorios y moda de perros ...","http://www.dogsaffaire.com/","dogsaffaire.com","0","314","1.100","27"
43,"Mejores Tiendas Para Comprar Perros En Barcelona Cerca ...","http://www.forbarcelonalovers.com/es/mejores/tiendas-para-comprar-perros-en-barcelona","forbarcelonalovers.com","0","0","0","12"
44,"Nunpet: Tienda de animales","http://www.nunpet.es/","nunpet.es","0","77","0","14"
45,"Animales de compañia y tiendas de mascotas en Vigo","http://www.paxinasgalegas.es/animales-de-compa%C3%B1ia-y-tiendas-de-mascotas-vigo-34ep_310ay.html","paxinasgalegas.es","0","51","0","62"
46,"Tienda de animales - Wikipedia, la enciclopedia libre","http://es.wikipedia.org/wiki/Tienda_de_animales","es.wikipedia.org","0","56","0","96"
47,"Perros tiendas - Milanuncios","http://www.milanuncios.com/perros/tiendas.htm","milanuncios.com","0","0","0","80"
48,"ARISTOPET, tienda online de productos para mascotas","http://aristopet.com/","aristopet.com","0","353","0","27"
49,"¿Es legal vender animales de compañía en tiendas? - Wiki ...","http://wiki.faada.org/es-legal-vender-animales-de-compania-en-tiendas-q24","wiki.faada.org","0","0","0","55"
50,"Somos tu tienda de mascotas online, ven a Don Canino","http://www.doncanino.com/","doncanino.com","0","418","0","33"
51,"Comprar productos para perros - Tienda Animalia","http://tiendaanimalia.es/12-perros","tiendaanimalia.es","0","1","0","18"
52,"PET FRIENDLY - RÍO Shopping","http://www.rioshopping.com/es-es/about-us/pet-friendly","rioshopping.com","0","0","0","39"
53,"La nueva ley que impide exhibir mascotas obligará a reformar ...","http://www.elcorreo.com/bizkaia/nueva-impide-exhibir-20210924214223-nt.html","elcorreo.com","0","1","0","85"
54,"HousePet: 【Tienda Online para Mascotas y Animales】","http://housepet.es/","housepet.es","0","244","2","29"
55,"La Casita de los Animales: Productos para Mascotas online","http://www.lacasitadelosanimales.com/","lacasitadelosanimales.com","0","361","59","14"
56,"Tienda para perros online barata | Accesorios perros | Tienda ...","http://www.mifauna.es/","mifauna.es","0","43","0","26"
57,"Mejores Tiendas Para Comprar Perros En Madrid Cerca De Ti","http://www.formadridlovers.com/es/mejores/tiendas-para-comprar-perros-en-madrid","formadridlovers.com","0","0","0","11"
58,"Las mejores tiendas de perros en Zaragoza","http://mejoreszaragoza.com/tiendas-comprar/perros/","mejoreszaragoza.com","0","0","0","6"
59,"Perros, Gatos, Roedores, Pájaros, Caballos, Peces y Tortugas ...","http://www.huellacanina.com/","huellacanina.com","0","348","1.481","32"
60,"Las mascotas no se podrán vender en tiendas, según la ...","http://verdeyazul.diarioinformacion.com/las-mascotas-no-se-podran-vender-en-tiendas-segun-la-nueva-ley-de-bienestar-animal.html","verdeyazul.diarioinformacion.com","0","290","0","89"
61,"Las mejores tiendas de perros en Valencia (Guía 2021)","http://mejoresvalencia.com/tiendas-comprar/perros/","mejoresvalencia.com","0","0","0","11"
62,"Mejores tiendas de campaña plegables para perros","http://www.redcanina.es/tiendas-de-campana-plegables-para-perros/","redcanina.es","0","0","0","49"
63,"Lista de tiendas donde puedes entrar con perro - El blog de ...","http://www.elblogdeuma.com/lista-de-tiendas-de-ropa-donde-puedes-entrar-con-tu-perro/","elblogdeuma.com","0","289","0","31"
64,"Tienda de mascotas online - Glu Glu Pet Pontevedra","http://www.gluglupet.es/","gluglupet.es","0","48","0","12"
65,"Zara, Mediamark, H&M y más: tiendas que admiten perros en ...","http://www.businessinsider.es/zara-mediamark-hm-tiendas-admiten-perros-interior-865181","businessinsider.es","0","0","0","79"
66,"DogFish animales de compañia granada","http://www.dogfish.es/","dogfish.es","0","56","0","3"
67,"Las mejores tiendas para perros de Madrid (Guía 2021)","http://mejoresmadrid.es/tiendas-comprar/perros/","mejoresmadrid.es","0","0","0","25"
68,"Shira Mascotas: Venta de mascotas Zaragoza","http://www.shiramascotas.es/","shiramascotas.es","0","8","0","7"
69,"CiberMascotas © La mejor tienda online de Accesorios para ...","http://www.cibermascotas.es/","cibermascotas.es","0","425","272","21"
70,"Tiendacanina, accesorios para su perro","http://www.tiendacanina.net/b2c/1","tiendacanina.net","0","0","11","29"
71,"ZooPinto: Tienda de Animales en Pinto","http://www.zoopinto.es/","zoopinto.es","0","15","0","8"
72,"Lord Perrum: La Tienda para las Mascotas en Mallorca","http://lordperrum.com/","lordperrum.com","0","29","0","7"
73,"maskotxoko.com | Tu tienda de mascotas en Donostia","http://www.maskotxoko.com/","maskotxoko.com","0","147","0","7"
74,"Tienda Online Mascotas en Tupienso | Envío gratis","http://www.tupienso.com/","tupienso.com","0","5.173","1.458","26"
75,"Tienda de productos y accesorios para tu mascota a los ...","http://www.comotumascotas.com/","comotumascotas.com","0","90","0","15"
76,"Tienda Animales Online - Especialistas en el cuidado de su ...","http://www.tiendaanimalesonline.com/","tiendaanimalesonline.com","0","3.309","716","18"
77,"Paticas.es: Tienda online de productos para mascotas","http://www.paticas.es/","paticas.es","0","3.630","0","36"
78,"El Armario de Sugar - El Armario de Sugar: Boutique para ...","http://elarmariodesugar.com/","elarmariodesugar.com","0","84","0","15"
79,"Mascoteros: Tienda online para mascotas - Alimentación y ...","http://www.mascoteros.com/","mascoteros.com","0","5.694","18.040","48"
80,"Kiara tienda de mascotas: Home","http://kiara.es/","kiara.es","0","58","0","6"
81,"Amores perros en Zaragoza, primera tienda de comida natural ...","http://www.heraldo.es/noticias/aragon/zaragoza/2021/06/08/amores-perros-tienda-comida-natural-perros-mascotas-1497832.html","heraldo.es","0","105","0","87"
82,"Encuentra una Tienda o Veterinaria Cercana - Hill's Pet Nutrition","http://www.hillspet.es/where-to-buy","hillspet.es","0","2","0","36"
83,"Tienda Oficial Mundomascota: La Tienda de tu ... - Vitoria ...","http://www.mundomascotavitoria.com/","mundomascotavitoria.com","0","1.075","242","16"
84,"Tienda online de productos para perros - Thepetshopboys.es","http://www.thepetshopboys.es/ofertas/perros/","thepetshopboys.es","0","7","0","27"
85,"MascotAstur - Tienda online para Mascotas y Animales ...","http://www.mascotastur.es/","mascotastur.es","0","292","2.074","28"
86,"Animal MAX - Distribuidor de productos para mascotas","http://www.animalmax.es/es/","animalmax.es","0","0","0","14"
87,"Tienda online para mascotas | Tienda de mascotas ...","http://www.tiendazarpas.es/","tiendazarpas.es","0","265","168","16"
88,"GentleDOG ▷ Tienda online para perros grandes y pequeños","http://gentledogstyle.com/","gentledogstyle.com","0","11","0","22"
89,"Mejores Tiendas de animales de Donostia San Sebastián","http://www.donostia.guru/mejores-tiendas-animales/","donostia.guru","0","0","0","1"
90,"Tienda de Mascotas · Comida, Juegos y más - Carrefour.es","http://www.carrefour.es/mascotas","carrefour.es","0","2","0","84"
91,"Tucan Mascotas: Tienda para mascotas | Tucán Mascotas","http://www.tucanmascotas.com/","tucanmascotas.com","0","190","233","20"
92,"Animalots Pet Center: Tienda de Animales en Girona y Platja ...","http://www.animalots.com/","animalots.com","0","594","4","18"
93,"Las mejores tiendas de perros de Sevilla","http://mejorsevilla.com/tiendas-comprar/perros/","mejorsevilla.com","0","0","0","9"
94,"MASCOTAS HABITAT Tu Tienda de Mascotas en PLasencia","http://mascotasplasencia.es/","mascotasplasencia.es","0","860","0","20"
95,"Tiendas Perros Madrid en España. Listado de empresas de ...","http://empresite.eleconomista.es/Actividad/TIENDAS-PERROS-MADRID/","empresite.eleconomista.es","0","0","32.166","92"
96,"Tienda de Accesorios para Perro | Decathlon","http://www.decathlon.es/es/browse/c0-deportes/c1-caza/c2-perro/_/N-1tcgffw","decathlon.es","0","7","0","75"
97,"Tienda de animales Petsworld Torrevieja","http://www.petsworldmarket.com/content/15-petsworld-torrevieja","petsworldmarket.com","0","1","0","18"
98,"Agroanimal: Tienda online de productos para animales","http://www.agroanimal.es/","agroanimal.es","0","134","0","16"
99,"Tienda para mascotas - Alcudia Magatzem","http://www.alcudiaveterinari.com/alcudiamagatzem/","alcudiaveterinari.com","0","0","0","4"
100,"Comotú Mascotas | Plaza Mar 2","http://www.plazamar2.com/tienda/comotu-mascotas","plazamar2.com","0","0","0","28"
